<?xml version='1.0' encoding='UTF-8' ?>
<timeLogEntries>
  <time id="1" path="/U4L2_ParqueAutomotor/PSP0/Planning" start="@1490371564000" delta="2017" />
  <time id="2" path="/U4L2_ParqueAutomotor/PSP0/Code" start="@1490373121000" delta="2024" />
  <time id="3" path="/U4L2_ParqueAutomotor/PSP0/Design" start="@1490373058000" delta="2017" />
  <time id="4" path="/U4L2_ParqueAutomotor/PSP0/Compile" start="@1490412002000" delta="2017" />
  <time id="5" path="/U4L2_ParqueAutomotor/PSP0/Code" start="@1490412682000" delta="2017" />
  <time id="6" path="/U4L2_ParqueAutomotor/PSP0/Test" start="@1490413531000" delta="2017" />
  <time id="7" path="/U5L2_PlanetarioIcesi/PSP0/Planning" start="@1492881694690" delta="12" />
  <time id="8" path="/U5L2_PlanetarioIcesi/PSP0/Design" start="@1492882424138" delta="115" />
  <time id="9" path="/U5L2_PlanetarioIcesi/PSP0/Code" start="@1492889338727" delta="319" />
  <time id="10" path="/U5L2_PlanetarioIcesi/PSP0/Design" start="@1492910284314" delta="38" />
  <time id="11" path="/U6L1_PanelLucess/PSP0/Planning" start="@1493338261223" delta="60" />
  <time id="12" path="/U6L1_PanelLucess/PSP0/Design" start="@1493341891209" delta="81" />
  <time id="13" path="/U6L1_PanelLucess/PSP0/Code" start="@1493346757043" delta="95" />
  <time id="14" path="/U6L1_PanelLucess/PSP0/Code" start="@1493479320958" delta="169" />
  <time id="15" path="/ProyectoFInalEntrega2/PSP0/Code" start="@1494252992883" delta="5" />
  <time id="16" path="/ProyectoFInalEntrega2/PSP0/Design" start="@1494253297184" delta="19" />
  <time id="17" path="/ProyectoFInalEntrega2/PSP0/Code" start="@1494278764382" delta="52" />
  <time id="18" path="/ProyectoFInalEntrega2/PSP0/Code" start="@1494359726525" delta="213" interrupt="38" />
  <time id="19" path="/ProyectoFInalEntrega2/PSP0/Code" start="@1494377273565" delta="60" />
  <time id="20" path="/ProyectoFInalEntrega2/PSP0/Design" start="@1494450210496" delta="32" />
  <time id="21" path="/ProyectoFInalEntrega2/PSP0/Design" start="@1494453925222" delta="3" />
  <time id="22" path="/ProyectoFInalEntrega2/PSP0/Code" start="@1494544366050" delta="307" />
  <time id="23" path="/ProyectoFInalEntrega2/PSP0/Code" start="@1494620858474" delta="169" />
  <time id="24" path="/ProyectaFinal/PSP0/Design" start="@1495396975022" delta="52" />
  <time id="25" path="/ProyectaFinal/PSP0/Code" start="@1495400068722" delta="301" interrupt="23" />
  <time id="26" path="/ProyectaFinal/PSP0/Code" start="@1495564920793" delta="39" />
  <time id="27" path="/ProyectaFinal/PSP0/Code" start="@1495598471779" delta="106" />
  <time id="28" path="/U1L2/PSP0/Code" start="@1502465421000" delta="1646" />
  <time id="29" path="/U1L2/PSP0/Planning" start="@1502461225000" delta="3423" />
  <time id="30" path="/U1L2/PSP0/Design" start="@1502464031000" delta="787" />
  <time id="31" path="/U1L2/PSP0/Code" start="@1502482233000" delta="18002" />
  <time id="32" path="/U1L2/PSP0/Code" start="@1502569225000" delta="3000" />
  <time id="33" path="/U2L1_Gestion_Turnos/PSP0/Planning" start="@1503576639000" delta="60" />
  <time id="34" path="/U2L1_Gestion_Turnos/PSP0/Design" start="@1503612177963" delta="31" interrupt="1" />
  <time id="35" path="/U2L1_Gestion_Turnos/PSP0/Code" start="@1503614106659" delta="111" />
  <time id="36" path="/U2L1_Gestion_Turnos/PSP0/Code" start="@1503623304590" delta="3" />
  <time id="37" path="/U2L1_Gestion_Turnos/PSP0/Test" start="@1503623480368" delta="20" />
  <time id="39" path="/U2L1_Gestion_Turnos/PSP0/Test" start="@1503671407871" delta="141" />
  <time id="40" path="/U2L1_Gestion_Turnos/PSP0/Code" start="@1503700375560" delta="76" />
  <time id="41" path="/U2L1_Gestion_Turnos/PSP0/Test" start="@1503704966581" delta="68" />
  <time id="42" path="/U2L1_Gestion_Turnos/PSP0/Code" start="@1503709016973" delta="15" />
  <time id="43" path="/U2L1_Gestion_Turnos/PSP0/Test" start="@1503709932600" delta="4" />
  <time id="44" path="/U2L1_Gestion_Turnos/PSP0/Code" start="@1503710197653" delta="72" />
  <time id="45" path="/U2L1_Gestion_Turnos/PSP0/Test" start="@1503714532974" delta="4" />
  <time id="46" path="/U2L1_Gestion_Turnos/PSP0/Code" start="@1503714770033" delta="18" />
  <time id="47" path="/U2L1_Gestion_Turnos/PSP0/Test" start="@1503717085389" delta="11" />
  <time id="48" path="/U2L1_Gestion_Turnos/PSP0/Test" start="@1503719234450" delta="18" />
  <time id="49" path="/U2L1_Gestion_Turnos/PSP0/Code" start="@1503720322989" delta="64" />
  <time id="50" path="/U2L2_ Gestion_Turnos/PSP0.1/Planning" start="@1504181305000" delta="69" />
  <time id="51" path="/U2L2_ Gestion_Turnos/PSP0.1/Design" start="@1504184972000" delta="7" />
  <time id="52" path="/U2L2_ Gestion_Turnos/PSP0.1/Code" start="@1504228586000" delta="15" />
  <time id="53" path="/U2L2_ Gestion_Turnos/PSP0.1/Code" start="@1504211652763" delta="17" />
  <time id="54" path="/U2L2_ Gestion_Turnos/PSP0.1/Code" start="@1504220762278" delta="86" />
  <time id="55" path="/U2L2_ Gestion_Turnos/PSP0.1/Code" start="@1504275659858" delta="12" />
  <time id="56" path="/U2L2_ Gestion_Turnos/PSP0.1/Code" start="@1504295129297" delta="28" />
  <time id="57" path="/U2L2_ Gestion_Turnos/PSP0.1/Code" start="@1504297711539" delta="3" />
  <time id="58" path="/U2L2_ Gestion_Turnos/PSP0.1/Code" start="@1504298888591" delta="265" interrupt="17" />
  <time id="59" path="/U2L2_ Gestion_Turnos/PSP0.1/Test" start="@1504393722395" delta="80" />
  <time id="60" path="/U2L2_ Gestion_Turnos/PSP0.1/Test" start="@1504402072666" delta="81" />
  <time id="61" path="/U3L1_Animacion_Gimnasio/PSP0/Planning" start="@1505391005000" delta="20" />
  <time id="62" path="/U3L1_Animacion_Gimnasio/PSP0/Design" start="@1505392207000" />
  <time id="64" path="/U3L1_Animacion_Gimnasio/PSP0/Code" start="@1505392243000" delta="60" />
  <time id="65" path="/U3L1_Animacion_Gimnasio/PSP0/Code" start="@1505415724722" delta="27" />
  <time id="66" path="/U3L1_Animacion_Gimnasio/PSP0/Code" start="@1505417878112" delta="23" />
  <time id="67" path="/U3L1_Animacion_Gimnasio/PSP0/Code" start="@1505419797748" delta="117" />
  <time id="68" path="/U3L1_Animacion_Gimnasio/PSP0/Code" start="@1505482704377" delta="5" />
  <time id="69" path="/U3L1_Animacion_Gimnasio/PSP0/Code" start="@1505484647532" delta="72" />
  <time id="70" path="/U4L1_OrdenarTablero/PSP0/Planning" start="@1506601211000" delta="20" />
  <time id="71" path="/U4L1_OrdenarTablero/PSP0/Design" start="@1506602509000" delta="1" />
  <time id="72" path="/U4L1_OrdenarTablero/PSP0/Code" start="@1506602551000" delta="52" />
  <time id="73" path="/U4L1_OrdenarTablero/PSP0/Code" start="@1506693981869" delta="113" />
  <time id="74" path="/U4L1_OrdenarTablero/PSP0/Code" start="@1506707599821" delta="15" />
  <time id="75" path="/U4L1_OrdenarTablero/PSP0/Code" start="@1506726159084" delta="50" />
  <time id="76" path="/U4L1_OrdenarTablero/PSP0/Code" start="@1506795781570" delta="15" />
  <time id="77" path="/U4L1_OrdenarTablero/PSP0/Code" start="@1506801410205" delta="6" />
  <time id="78" path="/U4L1_OrdenarTablero/PSP0/Test" start="@1506801748673" delta="44" />
  <time id="79" path="/U4L1_OrdenarTablero/PSP0/Test" start="@1506805754524" delta="22" />
  <time id="80" path="/U4L1_OrdenarTablero/PSP0/Test" start="@1506809932574" delta="66" />
  <time id="81" path="/U4L1_OrdenarTablero/PSP0/Code" start="@1506813985676" delta="31" interrupt="5" />
  <time id="82" path="/U5L1_Listas_Enlazadas/PSP0/Planning" start="@1508414701000" delta="15" />
  <time id="83" path="/U5L1_Listas_Enlazadas/PSP0/Code" start="@1508415612000" delta="35" />
  <time id="84" path="/U5L1_Listas_Enlazadas/PSP0/Code" start="@1508508310000" delta="111" />
  <time id="85" path="/U5L1_Listas_Enlazadas/PSP0/Test" start="@1508533238000" delta="10" />
  <time id="86" path="/U6L1_Recursividad/PSP0/Planning" start="@1509624647000" delta="15" />
  <time id="87" path="/U6L1_Recursividad/PSP0/Code" start="@1509625598000" delta="34" />
  <time id="88" path="/U6L1_Recursividad/PSP0/Code" start="@1509717988000" delta="55" />
  <time id="89" path="/U6L1_Recursividad/PSP0/Code" start="@1509793224000" delta="115" />
  <time id="90" path="/U6L1_Recursividad/PSP0/Code" start="@1509906012000" delta="165" />
  <time id="91" path="/U6L1_Recursividad/PSP0/Test" start="@1509916204000" delta="6" />
  <time id="95" path="/ProyectoFinalAPOII/PSP0/Design" start="@1510149918000" delta="116" />
  <time id="96" path="/ProyectoFinalAPOII/PSP0/Code" start="@1510178194712" delta="53" interrupt="4" />
  <time id="97" path="/U6L2_ArbolesBinarios/PSP0/Planning" start="@1510227035000" delta="10" />
  <time id="99" path="/U6L2_ArbolesBinarios/PSP0/Code" start="@1510227390000" delta="110" />
  <time id="100" path="/U6L2_ArbolesBinarios/PSP0/Code" start="@1510256518561" delta="43" interrupt="2" />
  <time id="101" path="/U6L2_ArbolesBinarios/PSP0/Code" start="@1510261000563" delta="49" />
  <time id="102" path="/U6L2_ArbolesBinarios/PSP0/Code" start="@1510358448000" delta="60" />
  <time id="103" path="/ProyectoFinalAPOII/PSP0/Code" start="@1510406944000" delta="8" />
  <time id="104" path="/ProyectoFinalAPOII/PSP0/Code" start="@1510409966000" delta="370" interrupt="2" />
  <time id="105" path="/ProyectoFinalAPOII/PSP0/Test" start="@1510432328924" delta="107" />
  <time id="106" path="/ProyectoFinalAPOII/PSP0/Test" start="@1510441256570" delta="41" interrupt="4" />
  <time id="107" path="/ProyectoFinalAPOII/PSP0/Design" start="@1510443992000" delta="71" />
  <time id="108" path="/ProyectoFinalAPOII/PSP0/Test" start="@1510448298956" delta="26" />
  <time id="109" path="/ProyectoFinalAPOII/PSP0/Code" start="@1510510900345" delta="31" />
  <time id="110" path="/ProyectoFinalAPOII/PSP0/Code" start="@1510513447264" delta="56" interrupt="10" />
  <time id="111" path="/ProyectoFinalAPOII/PSP0/Code" start="@1510518177655" delta="13" />
  <time id="112" path="/ProyectoFinalAPOII/PSP0/Code" start="@1510519770734" delta="49" />
  <time id="113" path="/ProyectoFinalAPOII/PSP0/Code" start="@1510524179427" delta="6" />
  <time id="114" path="/ProyectoFinalAPOII/PSP0/Code" start="@1510530491903" delta="35" />
  <time id="115" path="/ProyectoFinalAPOII/PSP0/Planning" start="@1509224400000" delta="120" />
  <time id="116" path="/ProyectoFinalAPOII/PSP0/Planning" start="@1510088753000" delta="186" />
  <time id="117" path="/ProyectoFinalAPOII/PSP0/Code" start="@1510534162682" delta="130" interrupt="15" />
  <time id="118" path="/ProyectoFinalAPOII/PSP0/Code" start="@1510542896080" delta="12" />
  <time id="119" path="/ProyectoFinalAPOII/PSP0/Code" start="@1510687315258" delta="19" />
  <time id="120" path="/ProyectoFinalAPOII/PSP0/Design" start="@1510688458664" delta="49" />
  <time id="121" path="/ProyectoFinalAPOII/PSP0/Code" start="@1510691395210" delta="24" />
  <time id="122" path="/ProyectoFinalAPOII/PSP0/Code" start="@1510695042234" delta="182" interrupt="17" />
  <time id="123" path="/ProyectoFinalAPOII/PSP0/Code" start="@1510789339052" delta="71" />
  <time id="124" path="/ProyectoFinalAPOII/PSP0/Design" start="@1510794340507" delta="21" />
  <time id="125" path="/ProyectoFinalAPOII/PSP0/Code" start="@1510797043483" delta="47" />
  <time id="126" path="/ProyectoFinalAPOII/PSP0/Code" start="@1510834833927" delta="64" />
  <time id="127" path="/ProyectoFinalAPOII/PSP0/Code" start="@1510857057019" delta="126" />
  <time id="128" path="/ProyectoFinalAPOII/PSP0/Code" start="@1510870961060" delta="44" />
  <time id="129" path="/ProyectoFinalAPOII/PSP0/Code" start="@1510875431798" delta="4" />
  <time id="130" path="/ProyectoFinalAPOII/PSP0/Code" start="@1510929024000" delta="80" />
  <time id="131" path="/ProyectoFinalAPOII/PSP0/Code" start="@1510944425997" delta="1" />
  <time id="132" path="/ProyectoFinalAPOII/PSP0/Code" start="@1510954692730" delta="27" />
  <time id="133" path="/ProyectoFinalAPOII/PSP0/Code" start="@1511015799344" delta="152" />
  <time id="134" path="/ProyectoFinalAPOII/PSP0/Code" start="@1511030722447" delta="45" />
  <time id="135" path="/ProyectoFinalAPOII/PSP0/Code" start="@1511036644422" delta="146" />
  <time id="136" path="/ProyectoFinalAPOII/PSP0/Code" start="@1511052279183" delta="159" />
  <time id="137" path="/ProyectoFinalAPOII/PSP0/Code" start="@1511105655590" delta="37" />
  <time id="138" path="/ProyectoFinalAPOII/PSP0/Code" start="@1511122339142" delta="115" interrupt="11" />
  <time id="139" path="/ProyectoFinalAPOII/PSP0/Code" start="@1511144681544" delta="13" />
  <time id="140" path="/ProyectoFinalAPOII/PSP0/Code" start="@1511149824000" delta="62" />
  <time id="141" path="/ProyectoFinalAPOII/PSP0/Code" start="@1511211404550" delta="16" />
  <time id="142" path="/ProyectoFinalAPOII/PSP0/Design" start="@1511225650528" delta="102" />
  <time id="143" path="/LAB2/PSP0/Planning" start="@1518797417000" delta="65" />
  <time id="145" path="/LAB2/PSP0/Design" start="@1519401906000" delta="115" />
  <time id="146" path="/LAB2/PSP0/Design" start="@1519433215000" delta="168" />
  <time id="147" path="/LAB2/PSP0/Design" start="@1519485358000" delta="137" />
  <time id="148" path="/LAB2/PSP0/Code" start="@1519505669000" delta="145" />
  <time id="149" path="/LAB2/PSP0/Code" start="@1520007001000" delta="108" />
  <time id="150" path="/LAB2/PSP0/Test" start="@1520611510000" delta="115" />
  <time id="151" path="/LAB2/PSP0/Test" start="@1520710378000" delta="168" />
  <time id="152" path="/LAB2/PSP0/Test" start="@1520825544000" delta="40" />
  <time id="153" path="/LAB3/PSP0/Test" start="@1524777010000" delta="334" />
  <time id="154" path="/LAB3/PSP0/Planning" start="@1522426090000" delta="117" />
  <time id="155" path="/LAB3/PSP0/Code" start="@1522527102000" delta="296" />
  <time id="156" path="/LAB3/PSP0/Code" start="@1523128039000" delta="189" />
  <time id="157" path="/LAB3/PSP0/Code" start="@1524349424000" delta="176" />
  <time id="158" path="/LAB3/PSP0/Code" start="@1524794451000" delta="123" />
  <time id="159" path="/LAB3/PSP0/Design" start="@1524524530000" delta="221" />
  <time id="160" path="/ProyectoFinal/PSP0/Planning" start="@1524845383000" delta="112" />
  <time id="161" path="/ProyectoFinal/PSP0/Planning" start="@1524829077000" delta="43" />
  <time id="163" path="/ProyectoFinal/PSP0/Code" start="@1524929025000" delta="87" />
  <time id="164" path="/ProyectoFinal/PSP0/Code" start="@1525011687000" delta="130" />
  <time id="165" path="/ProyectoFinal/PSP0/Code" start="@1525450343000" delta="140" />
  <time id="166" path="/ProyectoFinal/PSP0/Code" start="@1525553075000" delta="152" />
  <time id="167" path="/ProyectoFinal/PSP0/Code" start="@1526054717000" delta="105" />
  <time id="168" path="/ProyectoFinal/PSP0/Code" start="@1526177531000" delta="260" />
  <time id="169" path="/ProyectoFinal/PSP0/Code" start="@1526704131000" delta="80" />
  <time id="170" path="/ProyectoFinal/PSP0/Test" start="@1527113404000" delta="123" />
  <time id="171" path="/ProyectoFinal/PSP0/Test" start="@1527197411000" delta="80" />
  <time id="172" path="/ProyectoFinal/PSP0/Test" start="@1527553377000" delta="72" />
  <time id="173" path="/ProyectoFinal/PSP0/Code" start="@1527164007000" delta="276" />
  <time id="174" path="/Taller3_Gmaps_DM_CarvajalDiego/PSP0/Planning" start="@1534197805828" delta="24" interrupt="3" />
  <time id="175" path="/Taller3_Gmaps_DM_CarvajalDiego/PSP0/Planning" start="@1534350864363" delta="2" />
  <time id="176" path="/Taller3_Gmaps_DM_CarvajalDiego/PSP0/Planning" start="@1534351531395" delta="36" />
  <time id="177" path="/Taller3_Gmaps_DM_CarvajalDiego/PSP0/Planning" start="@1534610945845" delta="28" />
  <time id="178" path="/Taller3_Gmaps_DM_CarvajalDiego/PSP0/Planning" start="@1534616656088" delta="26" interrupt="3" />
  <time id="179" path="/Taller3_Gmaps_DM_CarvajalDiego/PSP0/Planning" start="@1534622307244" delta="16" />
  <time id="180" path="/Taller3_Gmaps_DM_CarvajalDiego/PSP0/Planning" start="@1534701499896" delta="100" />
  <time id="181" path="/Taller3_Gmaps_DM_CarvajalDiego/PSP0/Planning" start="@1534712488836" delta="44" />
  <time id="182" path="/Taller3_Gmaps_DM_CarvajalDiego/PSP0/Code" start="@1534715145385" delta="276" interrupt="8" />
  <time id="183" path="/Taller3_Gmaps_DM_CarvajalDiego/PSP0/Compile" start="@1534732243525" delta="10" />
  <time id="184" path="/Taller3_Gmaps_DM_CarvajalDiego/PSP0/Code" start="@1534732882980" delta="45" />
  <time id="185" path="/Taller3_Gmaps_DM_CarvajalDiego/PSP0/Compile" start="@1534735609295" delta="7" />
  <time id="186" path="/Taller3_Gmaps_DM_CarvajalDiego/PSP0/Code" start="@1534736034554" delta="3" />
  <time id="187" path="/Taller3_Gmaps_DM_CarvajalDiego/PSP0/Compile" start="@1534737532088" delta="10" />
  <time id="188" path="/Taller3_Gmaps_DM_CarvajalDiego/PSP0/Code" start="@1534738139487" delta="2" />
  <time id="189" path="/Taller3_Gmaps_DM_CarvajalDiego/PSP0/Compile" start="@1534738262980" delta="25" />
  <time id="190" path="/Taller3_Gmaps_DM_CarvajalDiego/PSP0/Planning" start="@1534740243537" delta="21" />
  <time id="191" path="/Taller3_Gmaps_DM_CarvajalDiego/PSP0/Compile" start="@1534741493303" delta="16" />
  <time id="192" path="/Taller3_Gmaps_DM_CarvajalDiego/PSP0/Code" start="@1534782165990" delta="62" />
</timeLogEntries>
